K,Lag
1.0657894736842106,0.5189422269390348
1.0657894736842106,0.59565542570393559
1.0817307692307692,0.4091430768009427
1.0817307692307692,0.5234547680428524
1.1025,0.4482397329244191
1.1025,0.25721484291760849
1.1025,0.3730427479704011
1.1025,0.42719324121621344
1.1025,0.46479173369322241
1.1025,0.27676317097934677
1.125,0.24066284214880526
1.125,0.26474176147877643
1.125,0.50540460362758166
1.125,0.36701399305570059
1.171875,0.54751563720840835
1.171875,0.46329357004675503
1.1842105263157894,0.84835772751772642
1.1842105263157894,0.58361596603894994
1.2019230769230769,0.84234702276744122
1.2019230769230769,0.63776645928476228
1.2250000000000001,0.67989554303000421
1.2250000000000001,0.64379521419946273
1.2250000000000001,0.70395641219556015
1.2250000000000001,0.8543684322680114
1.2250000000000001,0.7220065766108309
1.2250000000000001,0.71599587186054581
1.25,0.60166613045422068
1.25,0.64980591894974793
1.25,0.63175575453447708
1.25,0.65581662370003302
1.3020833333333333,0.69191695253057461
1.3020833333333333,0.51744406329256731
1.4210526315789473,1.3898626599758495
1.4210526315789473,1.1612212273276148
1.4423076923076923,1.3236727070650516
1.4423076923076923,1.3838519552255644
1.47,1.295099296795678
1.47,1.0108092072551633
1.47,1.2153717205734269
1.47,1.2755509687339397
1.47,1.2033503110728567
1.47,1.1311496534117738
1.5,1.0469095360857048
1.5,1.2334218849886978
1.5,1.1251208984970731
1.5,1.281561673484225
1.5625,1.3176620023147665
1.5625,1.2936011331492105
1.8947368421052631,1.7749268174468211
1.8947368421052631,1.9494177568492437
1.9230769230769231,1.9313675924339728
1.9230769230769231,1.8772170991881607
1.96,1.7568766530315503
1.96,1.8230666059423482
1.96,1.8110271462773624
1.96,1.8471274751079039
1.96,1.9253568876836875
1.96,1.9614572165142292
2,1.8531562300226045
2,1.8170559011920628
2,1.8651776395231749
2,1.9373782971842579
2.0833333333333335,1.8952672636034311
2.0833333333333335,1.9193281327689871
2.8421052631578947,2.9000657661083094
2.8421052631578947,2.960226964104407
2.8846153846153846,2.7616751555364285
2.8846153846153846,2.68346379312506
2.94,2.7315855314561719
2.94,2.7526500733287929
2.94,2.6894744978753451
2.94,2.8037861891172553
2.94,2.8218363535325257
2.94,2.8098149440319555
3,2.6774350382103593
3,2.7195641219556017
3,2.7676858602867136
3,2.8037861891172553
3.125,2.7917647796166847
3.125,2.6654136287097896
4.7368421052631575,3.9650254666092852
4.7368421052631575,4.0191759598550973
4.8076923076923075,3.6521439166349814
4.8076923076923075,3.7664736580413063
4.9000000000000004,3.582957636431249
4.9000000000000004,3.6732084585076024
4.9000000000000004,3.7784950675418769
4.9000000000000004,3.7183338695457793
4.9000000000000004,3.7544341983763214
4.9000000000000004,3.9409465472793137
5,3.730373329210765
5,3.5739325542236129
5,3.7484234936260359
5,3.8386743157023893
5.208333333333333,3.7243445742960644
5.208333333333333,3.7002837051305084
8.526315789473685,5.1713721049750774
8.526315789473685,4.8915945565383794
8.6538461538461533,4.8013437344620256
8.6538461538461533,4.9637952141994628
8.82,4.647917336932224
8.82,4.7381681590085778
8.82,4.8254046036275824
8.82,4.7893042747970407
8.82,4.993884838279719
8.82,4.8645193099154733
9,4.7652434056314847
9,4.6449029594748739
9,5.0420065766108317
9,5.00590624778029
9.375,4.8013437344620256
9.375,5.0630711184834523
16.105263157894736,6.2814572165142302
16.105263157894736,6.4619588606669369
16.346153846153847,5.7580024484713768
16.346153846153847,5.6918124955605789
16.66,5.8121529417171889
16.66,5.297723255881972
16.66,5.7219021196408351
16.66,5.4270887842462177
16.66,5.9565542570393557
16.66,6.1009555723615216
17,5.5955509687339395
17,5.7760526128866472
17,5.8211780239248254
17,5.7670275306790115
17.708333333333332,5.523350311072857
17.708333333333332,5.6767767086026586
